12
BRADLEY,TOTHEROW,CADINHA & CO LLC,3448,HI,900 FORT ST. MALL STE. 1450,N
SHERYL,FISHELL,BANKOH INVESTMENT SERVICES INC.,3730,HI,130 MERCHANT STREET,N
ROBERT,LYSTER,BANKOH INVESTMENT SERVICES INC.,4277,HI,130 MERCHANT STREET,N
KARL,WILL,PARCHE CAPITAL MANAGEMENT LLC,4653,HI,745 FORT STREET,N
ROSS,MCCLAFFERTY,MCCLAFFERTY ADVISORY SERVICES LLC,14683,HI,nan,N
GREGORY,RATTÉ,GE RATTÉ ASSET MANAGEMENT LLC,15000,HI,1003 BISHOP ST,N
ELLEN,MIMORI,AM FINANCIAL SERVICES INC.,15943,HI,nan,N
SARAH,BREDHOFF,THE RICE PARTNERSHIP LLC,577,HI,1099 ALAKEA STREET,N
CHRISTINA,COTTEN,ANDREWS ADVISORY ASSOCIATES LLC,3837,HI,1188 BISHOP STREET,N
YOKO,FARIAS,BANKOH INVESTMENT SERVICES INC.,13735,HI,130 MERCHANT STREET,N
PASTORA,FONACIER,BANKOH INVESTMENT SERVICES INC.,15203,HI,130 MERCHANT STREET,N
SAMUEL,BELLO,BELLOADVISERS LLC,1255,HI,212 AIKAHI LOOP,N
DAVID,JACOBS,PATHFINDER FINANCIAL SERVICES LLC,2281,HI,nan,N
CORY,NAKAMURA,MOSAIC PACIFIC INVESTMENT ADVISORS,3224,HI,nan,N
RONALD,MILLER,RESOURCE MANAGEMENT LLC,3500,HI,nan,N
MONICA,JENNINGS,JENNINGS FINANCIAL PLANNING INC.,12334,HI,615 PIIKOI STREET,N
CRISTOPHER,BORDEN,KOBO WEALTH CONSERVANCY,14443,HI,119 MERCHANT STREET SUITE 610,N
KIMBERLY,WEITZEL,BANKOH INVESTMENT SERVICES INC.,15997,HI,130 MERCHANT STREET,N
KIMBERLI,LO,BANKOH INVESTMENT SERVICES INC.,109,HI,130 MERCHANT STREET,N
LINDSEY,NIP,YIM INVESTMENT MANAGEMENT LLC,1544,HI,1950 YOUNG STREET SUITE 288,N
MCSHANE,DATOR,BANKOH INVESTMENT SERVICES INC.,8576,HI,130 MERCHANT STREET,N
CHARLOTTE,TERUYA,LEE FINANCIAL GROUP HAWAII INC.,16819,HI,3113 OLU STREET,N
HARLAN,CADINHA,CADINHA & CO LLC,6430,HI,900 FORT ST. MALL STE. 1450,N
BRYAN,ENOS,ANDREWS ADVISORY ASSOCIATES LLC,9428,HI,1188 BISHOP STREET,N
CHARLES,LANPHIER,LANPHIER CAPITAL MANAGEMENT INC.,10687,HI,nan,N
LESLIE,ANDREWS,ANDREWS ADVISORY ASSOCIATES LLC,11897,HI,1188 BISHOP STREET,N
DAVID,BELLO,BELLOADVISERS LLC,12407,HI,212 AIKAHI LOOP,N
JOHN,KERR,BLUE SKIES FINANCIAL PLANNING LLC,1172,HI,nan,N
TAMMY,KAETSU,BANKOH INVESTMENT SERVICES INC.,1656,HI,130 MERCHANT STREET,N
LYNNE,KINNEY,CKW FINANCIAL GROUP LLC,6267,HI,1003 BISHOP STREET,N
GREGORY,GUNTHER,THE RETIREMENT OPTIMIZATION GROUP LLC,7182,HI,1888 KALAKAUA AVE,N
HANS,MEDINA,SHIRAISHI FINANCIAL GROUP ADVISORS,10456,HI,1585 KAPIOLANI BLVD.,N
BARRY,MAGAOAY,LEE FINANCIAL GROUP HAWAII INC.,12790,HI,3113 OLU STREET,N
RYLAN,YOSHINO,BANKOH INVESTMENT SERVICES INC.,34,HI,130 MERCHANT STREET,N
KELLY,FONG,BANKOH INVESTMENT SERVICES INC.,3946,HI,130 MERCHANT STREET,N
DEBRA,WINGET,BANKOH INVESTMENT SERVICES INC.,7274,HI,130 MERCHANT STREET,N
ANTHONY,NOTO,NOTO FINANCIAL PLANNING,8317,HI,nan,N
BRYCE,MIYAMOTO,BANKOH INVESTMENT SERVICES INC.,8597,HI,130 MERCHANT STREET,N
NAALEIALOHA,KEAUNUI,BANKOH INVESTMENT SERVICES INC.,10484,HI,130 MERCHANT STREET,N
STACEY,WILLIAMS,BANKOH INVESTMENT SERVICES INC.,10735,HI,130 MERCHANT STREET,N
MICHELLE,TUCKER,3D WEALTH ADVISORS INC.,11868,HI,201 MERCHANT STREET SUITE 909,N
ANDREW,GLATZEL,SEACAP ADVISORS LLC,14297,HI,3615 HARDING AVE,N
NEIL,ROSE,CADINHA & CO LLC,3868,HI,900 FORT ST. MALL STE. 1450,N
ANDREA,DEUTSCH,MOSAIC PACIFIC INVESTMENT ADVISORS,4423,HI,nan,N
GREGORY,VAN WYK,KOBO WEALTH CONSERVANCY,4540,HI,119 MERCHANT STREET SUITE 610,N
ROBYN,MACY,CADINHA & CO LLC,10253,HI,900 FORT ST. MALL STE. 1450,N
LAUREN,SMITH,INVESTMENT DYNAMICS CONSULTING GROUP LLC,10503,HI,75-5591 PALANI ROAD SUITE 3008,N
KALEIALOHA,CADINHA-PUA'A,CADINHA & CO LLC,13584,HI,900 FORT ST. MALL STE. 1450,N
OREST,SAIKEVYCH,THE RICE PARTNERSHIP LLC,15014,HI,1099 ALAKEA STREET,N
WILLIAM,WONG,INVESTMENT DYNAMICS CONSULTING GROUP LLC,15761,HI,75-5591 PALANI ROAD SUITE 3008,N
JENNIFER,SANDROWSKI,BANKOH INVESTMENT SERVICES INC.,3505,HI,130 MERCHANT STREET,N
EDWIN,CHAU,LEE FINANCIAL GROUP HAWAII INC.,13203,HI,3113 OLU STREET,N
April,McGinnis,LANPHIER CAPITAL MANAGEMENT INC.,9692,HI,nan,N
Keri,Ogden,THE RICE PARTNERSHIP LLC,12250,HI,1099 ALAKEA STREET,N
Jason,Kiyosaki,BANKOH INVESTMENT SERVICES INC.,13240,HI,130 MERCHANT STREET,N
Jules,Theil,BOX HOLDINGS LLC,13553,HI,7 WATERFRONT PLAZA 500 ALA MOANA BLVD.,N
Travis,Tsukayama,ANDREWS ADVISORY ASSOCIATES LLC,15842,HI,1188 BISHOP STREET,N
MARIO,YIM,YIM INVESTMENT MANAGEMENT LLC,13442,HI,1950 YOUNG STREET SUITE 288,N
KENNETH,MILLER,BISHOP STREET CAPITAL MANAGEMENT,13902,HI,FIRST HAWAIIAN CENTER,N
DAVID,KIRKEBY,INVESTMENT MANAGEMENT HAWAII,3369,HI,1314 S. KING STREET,N
WANISTHA,BAHAR,BANKOH INVESTMENT SERVICES INC.,5423,HI,130 MERCHANT STREET,N
PAUL,MARSH,THE RICE PARTNERSHIP LLC,5894,HI,1099 ALAKEA STREET,N
JOHN,STESLOW,TAXNET,7902,HI,nan,N
HERBERT,SHIRAISHI,SHIRAISHI FINANCIAL GROUP ADVISORS,11005,HI,1585 KAPIOLANI BLVD.,N
STEVEN,CLISSOLD,SJC CAPITAL ADVISORS LLC,13580,HI,nan,N
KATHY,LUM,LEE FINANCIAL GROUP HAWAII INC.,15138,HI,3113 OLU STREET,N
REID,IMAI,CADINHA & CO LLC,495,HI,900 FORT ST. MALL STE. 1450,N
REINALDO,DELRIOS,FAMILY WEALTH MANAGEMENT LLC,753,HI,1357 KAPIOLANI BLVD.,N
AMBER LYNN,SUHAS,LEE FINANCIAL GROUP HAWAII INC.,3075,HI,3113 OLU STREET,N
CAROL,WILL,PARCHE CAPITAL MANAGEMENT LLC,7959,HI,745 FORT STREET,N
MICHAEL,HIRAI,BISHOP STREET CAPITAL MANAGEMENT,8370,HI,FIRST HAWAIIAN CENTER,N
HARLAN,CADINHA,CADINHA & CO LLC,11173,HI,900 FORT ST. MALL STE. 1450,N
LESLEY,BREY,L.J. BREY INC.,14875,HI,nan,N
JASON,WONG,SHIRAISHI FINANCIAL GROUP ADVISORS,15028,HI,1585 KAPIOLANI BLVD.,N
DEBRA,CHUN,C.M.BIDWELL & ASSOCIATES LTD,8,HI,nan,N
JERI AN,YAMAMOTO,BANKOH INVESTMENT SERVICES INC.,2155,HI,130 MERCHANT STREET,N
NIALL,KILCOMMONS,C.M.BIDWELL & ASSOCIATES LTD,7168,HI,nan,N
BRETT,BIDWELL,C.M.BIDWELL & ASSOCIATES LTD,10041,HI,nan,N
CHRISTOPHER,OTTO,BANKOH INVESTMENT SERVICES INC.,14918,HI,130 MERCHANT STREET,N
STEVEN,YAMASHITA,BANKOH INVESTMENT SERVICES INC.,14924,HI,130 MERCHANT STREET,N
CHRISTIAN,LOOK,BANKOH INVESTMENT SERVICES INC.,15542,HI,130 MERCHANT STREET,N
RONALD,WO,CKW FINANCIAL GROUP LLC,16833,HI,1003 BISHOP STREET,N
GEORGE,ROBERTS,KOBO WEALTH CONSERVANCY,798,HI,119 MERCHANT STREET SUITE 610,N
ANDREW,BURDICK,BURDICK WEALTH MANAGEMENT LLC,2189,HI,nan,N
COURTLIN,HOLT-NGUYEN,DIAMOND HEAD FINANCIAL ADVISORS LLC,15631,HI,119 MERCHANT STREET,N
LANCE,MASATSUGU,PANORAMIC PLANNING & MANAGEMENT INC.,16616,HI,nan,N
KENDALL,KAKUGAWA,SHIRAISHI FINANCIAL GROUP ADVISORS,1556,HI,1585 KAPIOLANI BLVD.,N
JENNIFER,CARIAS,BISHOP STREET CAPITAL MANAGEMENT,5118,HI,FIRST HAWAIIAN CENTER,N
FRANKLIN,PORTILLO,BANKOH INVESTMENT SERVICES INC.,6135,HI,130 MERCHANT STREET,N
CHRISTOPHER,KELLER,BANKOH INVESTMENT SERVICES INC.,8810,HI,130 MERCHANT STREET,N
SUMMER,LEE,LEE FINANCIAL GROUP HAWAII INC.,9645,HI,3113 OLU STREET,N
GRANT,ARITA,SHIRAISHI FINANCIAL GROUP ADVISORS,10178,HI,1585 KAPIOLANI BLVD.,N
ORM,LIMPISVASTI,C.M.BIDWELL & ASSOCIATES LTD,13711,HI,nan,N
MAX,CHUN-VAN OSDOL,C.M.BIDWELL & ASSOCIATES LTD,2322,HI,nan,N
RYAN,MIYASHIRO,KAHALA FINANCIAL ADVISORS LLC,5191,HI,4211 WAIALAE AVE SUITE 407,N
ANDREI,PLOTNICK,BANKOH INVESTMENT SERVICES INC.,6860,HI,130 MERCHANT STREET,N
WILSON,WANG,TWIN PEAKS CAPITAL LLC,8940,HI,nan,N
LEE ANN,MATSUDA,LEE FINANCIAL GROUP HAWAII INC.,12027,HI,3113 OLU STREET,N
CHAD,SAKUMOTO,HUMBLE CAPITAL MANAGEMENT LLC,531,HI,410 ATKINSON DR.,N
LAYNE,YOSHIDA,MILLENNIUM GLOBAL ADVISORS LLC,1319,HI,nan,N
JENNIFER,CABO,BANKOH INVESTMENT SERVICES INC.,10171,HI,130 MERCHANT STREET,N
GORDON,NIHEI,HUMBLE CAPITAL MANAGEMENT LLC,14970,HI,410 ATKINSON DR.,N
STEVEN,NAKAO,ALOHA WEALTHCARE MANAGEMENT LLC,597,HI,nan,N
CAROLYN,SANTO,ESSENTIAL FINANCIAL LTD,791,HI,nan,N
LUGENE,LEE,LEE FINANCIAL GROUP HAWAII INC.,2669,HI,3113 OLU STREET,N
NORA,FOLEY,LEE FINANCIAL GROUP HAWAII INC.,3181,HI,3113 OLU STREET,N
CARL,CHOY,CKW FINANCIAL GROUP LLC,3926,HI,1003 BISHOP STREET,N
STEVEN,CONNELL,KOBO WEALTH CONSERVANCY,3931,HI,119 MERCHANT STREET SUITE 610,N
NIEL,LENTZ,CADINHA & CO LLC,5485,HI,900 FORT ST. MALL STE. 1450,N
TERRENCE,LEE,LEE FINANCIAL GROUP HAWAII INC.,7803,HI,3113 OLU STREET,N
GREG,MIYASHIRO,KAHALA FINANCIAL ADVISORS LLC,7828,HI,4211 WAIALAE AVE SUITE 407,N
SUSIE,ING,YIM INVESTMENT MANAGEMENT LLC,9308,HI,1950 YOUNG STREET SUITE 288,N
CHARLOTTE,MEYER,LEE FINANCIAL GROUP HAWAII INC.,10397,HI,3113 OLU STREET,N
DAVID,APO,AM FINANCIAL SERVICES INC.,16053,HI,nan,N
BRIAN,ISHIHARA,MOSAIC PACIFIC INVESTMENT ADVISORS,136,HI,nan,NVICTOR,CANTO,CADINHA & CO LLC,590,HI,900 FORT ST. MALL STE. 1450,NBONNIE,RICE,THE RICE PARTNERSHIP LLC,2215,HI,1099 ALAKEA STREET,NGARRY,GRAHAM,ORACLE PORTFOLIO MANAGEMENT,2350,HI,nan,NCATHERINE,FUJISAKI,BANKOH INVESTMENT SERVICES INC.,8008,HI,130 MERCHANT STREET,NSHELDON,SHIIRA,FINANCIAL VISION ADVISORY SERVICES LLC.,10663,HI,4211 WAIALAE AVENUE,NMATTHEW,TANAKA,MOSAIC PACIFIC INVESTMENT ADVISORS,12521,HI,nan,NDIANA,NICHOLSON,GE RATTÉ ASSET MANAGEMENT LLC,14882,HI,1003 BISHOP ST,NCLINTON,BIDWELL,C.M.BIDWELL & ASSOCIATES LTD,16339,HI,nan,N