11
MARIETTA,HALL,APCM WEALTH MANAGEMENT FOR INDIVIDUALS LLC,938,AK,900 WEST 5TH AVENUE,N
CATHERINE,STRAUB,APCM WEALTH MANAGEMENT FOR INDIVIDUALS LLC,3952,AK,900 WEST 5TH AVENUE,N
DIANE,WILKE,MCKINLEY CAPITAL MANAGEMENT LLC,9767,AK,3301 C STREET,N
JOHN,REYNOLDS,MCKINLEY CAPITAL MANAGEMENT LLC,11689,AK,3301 C STREET,N
ALEXANDER,LUND,FOUNDATIONS ASSET MANAGEMENT LLC,9280,AK,3601 C STREET,N
JOHN,HUSBAND,DENALI CAPITAL MANAGEMENT LLC,533,AK,1362 VIEWPOINTE DR,N
GALE,SMITH,GALE L. SMITH & COMPANY INC.,5102,AK,nan,N
ROBERT,GILLAM,MCKINLEY CAPITAL MANAGEMENT LLC,7568,AK,3301 C STREET,N
ROB,WEDEL,FOUNDATIONS ASSET MANAGEMENT LLC,4609,AK,3601 C STREET,N
TY,SCHOMMER,ARBOR CAPITAL MANAGEMENT INC,13407,AK,1400 WEST BENSON BLVD.,N
GARY,DALTON,LATASH INVESTMENTS LLC,1569,AK,301 W. NORTHERN LIGHTS BLVD.,N
WESLEY,TEGELER,TEGELER ADVISORY SERVICES LLC,9559,AK,2801 E. PALMER-WASILLA HWY,N
MATTHEW,KOLESKY,ARBOR CAPITAL MANAGEMENT INC,13240,AK,1400 WEST BENSON BLVD.,N
ALYSSA,MITCHELL,ARBOR CAPITAL MANAGEMENT INC,3587,AK,1400 WEST BENSON BLVD.,N
NATASHA,VON IMHOF,LATASH INVESTMENTS LLC,8031,AK,301 W. NORTHERN LIGHTS BLVD.,N
JAMIE,SHILANSKI,SHILANSKI & ASSOCIATES INC.,10144,AK,431 WEST SEVENTH STREET,Y
MICAH,SHILANSKI,SHILANSKI & ASSOCIATES INC.,15974,AK,431 WEST SEVENTH STREET,N
ANDREA,FERGUS,OUTLOOK FINANCIAL SERVICES,818,AK,2525 BLUEBERRY ROAD SUITE 103,N
DANIEL,CASSAYRE,ELLIOTT FINANCIAL MANAGEMENT INC.,16957,AK,nan,N
John,Elliott,ELLIOTT FINANCIAL MANAGEMENT INC.,2104,AK,nan,N
Jayson,Owens,BRIGHT ROAD WEALTH MANAGEMENT LLC,4230,AK,nan,N
Kirby,Houchin,ARBOR CAPITAL MANAGEMENT INC,7585,AK,1400 WEST BENSON BLVD.,N
Jennifer,Gastrock,BRIGHT ROAD WEALTH MANAGEMENT LLC,10899,AK,nan,N
Kailie,Abascal,APCM WEALTH MANAGEMENT FOR INDIVIDUALS LLC,15251,AK,900 WEST 5TH AVENUE,N
THOMAS,MARTIN,SHILANSKI & ASSOCIATES INC.,10391,AK,431 WEST SEVENTH STREET,N
DAVID,GOTTSTEIN,DYNAMIC CAPITAL MANAGEMENT INC.,16373,AK,1007 WEST 3RD AVENUE,N
MICHAEL,SHAMBURGER,FOUNDATIONS ASSET MANAGEMENT LLC,12161,AK,3601 C STREET,N
Lisa,Greenough,RIVER TRAIL CAPITAL MANAGEMENT LLC,2252,AK,3000 VINTAGE BLVD,N
LAURA,BRUCE,APCM WEALTH MANAGEMENT FOR INDIVIDUALS LLC,6087,AK,900 WEST 5TH AVENUE,N
BRIAN,PINKSTON,BRIGHT ROAD WEALTH MANAGEMENT LLC,9516,AK,nan,N
WILLARD,ELLIOTT,ELLIOTT FINANCIAL MANAGEMENT INC.,5730,AK,nan,N
BRANDY,NICLAI,ALASKA PERMANENT CAPITAL MANAGEMENT CO,8968,AK,900 W 5TH AVENUE SUITE 601,N
AMY,VOLZ,VERDANT LLC,1145,AK,nan,N
CATHERINE,SMITH,CATHERINE R. SMITH FINANCIAL PLANNER LLC,8392,AK,1501 W. 34TH AVENUE,N
DAVID,BROMLEY,ELLIOTT FINANCIAL MANAGEMENT INC.,0,AK,nan,N
CHRISTINE,EISENHOWER,OTTER CREEK PARTNERS,3060,AK,337 STEDMAN STREET,N
YURI,MORGAN,MOUDROST LLC,8815,AK,nan,N
KIMBERLY,BUTLER,APCM WEALTH MANAGEMENT FOR INDIVIDUALS LLC,8919,AK,900 WEST 5TH AVENUE,N
SHEILA,MILLER,OUTLOOK FINANCIAL SERVICES,905,AK,2525 BLUEBERRY ROAD SUITE 103,N
FLOYD,SHILANSKI,SHILANSKI & ASSOCIATES INC.,8979,AK,431 WEST SEVENTH STREET,N
MARY,DAHL,OTTER CREEK PARTNERS,13140,AK,337 STEDMAN STREET,N
PETTER,JAHNSEN,LATASH INVESTMENTS LLC,13810,AK,301 W. NORTHERN LIGHTS BLVD.,N
EVAN,ROSE,ALASKA PERMANENT CAPITAL MANAGEMENT CO,12933,AK,900 W 5TH AVENUE SUITE 601,N